rxn; rxn_REV ; ; WT_rxn_flux; WT_rxn_REV_flux; ; O_rxn_flux;O_rxn_REV_flux
P38211;;;;;;
r_0521No1; r_0521_REVNo1; ; 0.0; 0.0; ;0.0; 0.0
P39533;;;;;;
r_0542No1; r_0542_REVNo1; ; 0.0; 0.0; ;0.0; 0.0
P17505;;;;;;
r_0713No1; r_0713_REVNo1; ; 0.19970623759144424; 0.0; ;0.09985311879572212; 0.0
P38221;;;;;;
r_2432No1; r_2432_REVNo1; ; 0.0; 0.0; ;0.0014440282579805635; 0.0
r_2433No1; r_2433_REVNo1; ; 0.011172472262502835; 0.0; ;0.0026562015844816727; 0.0
r_2434No1; r_2434_REVNo1; ; 0.0; 0.0; ;0.0009110610609555134; 0.0
r_2435No1; r_2435_REVNo1; ; 0.0; 0.0; ;0.0; 0.0
r_2436No1; r_2436_REVNo1; ; 0.002267679306507602; 0.0; ;0.002470690087374114; 0.0
r_2437No1; r_2437_REVNo1; ; 0.0; 0.0; ;0.0; 0.0
r_2438No1; r_2438_REVNo1; ; 0.001638176698097308; 0.0; ;7.796270283483408e-05; 0.0
r_2439No1; r_2439_REVNo1; ; 0.0; 0.0; ;0.0; 0.0
r_2440No1; r_2440_REVNo1; ; 0.0; 0.0; ;0.0; 0.0
r_2441No1; r_2441_REVNo1; ; 0.0; 0.0; ;0.0; 0.0
r_2442No1; r_2442_REVNo1; ; 0.0; 0.0; ;0.0; 0.0
r_2443No1; r_2443_REVNo1; ; 0.0; 0.0; ;0.0; 0.0
r_2444No1; r_2444_REVNo1; ; 0.0; 0.0; ;0.0; 0.0
r_2445No1; r_2445_REVNo1; ; 0.0; 0.0; ;0.0; 0.0
Q05788;;;;;;
r_0949No1; r_0949_REVNo1; ; 0.0; 0.0; ;0.0; 0.0
r_0950No1; r_0950_REVNo1; ; 0.0; 0.0; ;0.0; 0.0
r_0951No1; r_0951_REVNo1; ; 0.0; 0.0; ;0.0; 0.0
P37298;;;;;;
r_1021No1; r_1021_REVNo1; ; 0.03311956260827112; 0.0; ;0.01655978130413556; 0.0
r_1021No2; r_1021_REVNo2; ; 0.0; 0.0; ;0.0; 0.0
P23254;;;;;;
r_1049No2; r_1049_REVNo2; ; 0.47100683889106243; 0.0; ;0.053714062119964934; 0.0
r_1050No2; r_1050_REVNo2; ; 0.36370050416163857; 0.0; ;0.36363960940638557; 0.0
P12709;;;;;;
r_0467No1; r_0467_REVNo1; ; 11.26404593165802; 0.0; ;5.561948409352972; 0.0
P36051;;;;;;
r_0520No1; r_0520_REVNo1; ; 0.0; 0.0; ;0.0; 0.0
P47026;;;;;;
r_0137No1; r_0137_REVNo1; ; 0.0; 0.0; ;0.0; 0.0
P10356;;;;;;
r_0018No1; r_0018_REVNo1; ; 0.11618965102864451; 0.0; ;0.05809482551432226; 0.0
Q06489;;;;;;
r_0087No1; r_0087_REVNo1; ; 0.0; 0.0; ;0.0; 0.0
P15454;;;;;;
r_0330No1; r_0330_REVNo1; ; 0.0; 0.0007802392366716754; ;0.0; 0.0007802392366717259
r_0529No1; r_0529_REVNo1; ; 0.0011703588550075132; 0.0; ;0.0011703588550075012; 0.0
P32316;;;;;;
r_4039No1; r_4039_REVNo1; ; 0.0; 2.6007974555722516e-06; ;0.0; 0.0
P30777;;;;;;
r_0522No1; r_0522_REVNo1; ; 0.0; 0.0; ;0.0; 0.0
P09440;;;;;;
r_0447No1; r_0447_REVNo1; ; 0.0; 0.0; ;0.0; 0.0
r_0724No1; r_0724_REVNo1; ; 0.0; 0.0; ;0.0; 0.0
r_0733No1; r_0733_REVNo1; ; 0.0; 0.0; ;0.0; 0.0
P38628;;;;;;
r_0882No1; r_0882_REVNo1; ; 0.0; 0.0; ;0.0; 0.0
r_0890No1; r_0890_REVNo1; ; 0.0; 0.0; ;0.0; 0.0
P38009;;;;;;
r_0570No2; r_0570_REVNo2; ; 0.056604536062311306; 0.0; ;0.0; 0.0
r_0912No2; r_0912_REVNo2; ; 0.056604536062311306; 0.0; ;0.0566045360623113; 0.0
Q03175;;;;;;
r_0294No2; r_0294_REVNo2; ; 0.0; 0.0; ;0.0; 0.0
r_0295No2; r_0295_REVNo2; ; 0.0; 0.0; ;0.0; 0.0
P40345;;;;;;
r_2884No1; r_2884_REVNo1; ; 0.0; 0.0; ;0.0; 0.0
r_2885No1; r_2885_REVNo1; ; 0.0; 0.0; ;0.0; 0.0
r_2886No1; r_2886_REVNo1; ; 0.0; 0.0; ;0.0; 0.0
r_2887No1; r_2887_REVNo1; ; 0.0; 0.0; ;0.0; 0.0
r_2888No1; r_2888_REVNo1; ; 0.0; 0.0; ;0.0; 0.0
r_2889No1; r_2889_REVNo1; ; 0.0; 0.0; ;0.0; 0.0
r_2890No1; r_2890_REVNo1; ; 0.0; 0.0; ;0.0; 0.0
r_2891No1; r_2891_REVNo1; ; 0.0; 0.0; ;0.0; 0.0
r_2892No1; r_2892_REVNo1; ; 0.0; 0.0; ;0.0; 0.0
r_2893No1; r_2893_REVNo1; ; 0.0; 0.0; ;0.0; 0.0
r_2894No1; r_2894_REVNo1; ; 0.0; 0.0; ;0.0; 0.0
r_2895No1; r_2895_REVNo1; ; 0.0; 0.0; ;0.0; 0.0
r_2896No1; r_2896_REVNo1; ; 0.0; 0.0; ;0.0; 0.0
r_2897No1; r_2897_REVNo1; ; 0.0; 0.0; ;0.0; 0.0
r_2898No1; r_2898_REVNo1; ; 0.0; 0.0; ;0.0; 0.0
r_2899No1; r_2899_REVNo1; ; 0.0; 0.0; ;0.0; 0.0
r_2900No1; r_2900_REVNo1; ; 0.0; 0.0; ;0.0; 0.0
r_2901No1; r_2901_REVNo1; ; 0.0; 0.0; ;0.0; 0.0
r_2902No1; r_2902_REVNo1; ; 0.0; 0.0; ;0.0; 0.0
r_2903No1; r_2903_REVNo1; ; 0.0; 0.0; ;0.0; 0.0
r_2904No1; r_2904_REVNo1; ; 0.0; 0.0; ;0.0; 0.0
r_2905No1; r_2905_REVNo1; ; 0.0; 0.0; ;0.0; 0.0
r_2906No1; r_2906_REVNo1; ; 0.0; 0.0; ;0.0; 0.0
r_2907No1; r_2907_REVNo1; ; 0.0; 0.0; ;0.0; 0.0
r_2908No1; r_2908_REVNo1; ; 0.0; 0.0; ;0.0; 0.0
r_2909No1; r_2909_REVNo1; ; 0.0; 0.0; ;0.0; 0.0
r_2910No1; r_2910_REVNo1; ; 0.0; 0.0; ;0.0; 0.0
r_2911No1; r_2911_REVNo1; ; 0.0; 0.0; ;0.0; 0.0
r_2912No1; r_2912_REVNo1; ; 0.0; 0.0; ;0.0; 0.0
r_2913No1; r_2913_REVNo1; ; 0.0; 0.0; ;0.0; 0.0
r_2914No1; r_2914_REVNo1; ; 0.0; 0.0; ;0.0; 0.0
r_2915No1; r_2915_REVNo1; ; 0.0; 0.0; ;0.0; 0.0
r_2916No1; r_2916_REVNo1; ; 0.0; 0.0; ;0.0; 0.0
r_2917No1; r_2917_REVNo1; ; 0.0; 0.0; ;0.0; 0.0
r_2918No1; r_2918_REVNo1; ; 0.0; 0.0; ;0.0; 0.0
r_2919No1; r_2919_REVNo1; ; 0.0; 0.0; ;0.0; 0.0
r_2920No1; r_2920_REVNo1; ; 0.0; 0.0; ;0.0; 0.0
r_2921No1; r_2921_REVNo1; ; 0.0; 0.0; ;0.0; 0.0
r_2922No1; r_2922_REVNo1; ; 0.0; 0.0; ;0.0; 0.0
r_2923No1; r_2923_REVNo1; ; 0.0; 0.0; ;0.0; 0.0
r_2924No1; r_2924_REVNo1; ; 0.0; 0.0; ;0.0; 0.0
r_2925No1; r_2925_REVNo1; ; 0.0; 0.0; ;0.0; 0.0
r_2926No1; r_2926_REVNo1; ; 0.0; 0.0; ;0.0; 0.0
r_2927No1; r_2927_REVNo1; ; 0.0; 0.0; ;0.0; 0.0
r_2928No1; r_2928_REVNo1; ; 0.0; 0.0; ;0.0; 0.0
r_2929No1; r_2929_REVNo1; ; 0.0; 0.0; ;0.0; 0.0
r_2930No1; r_2930_REVNo1; ; 0.0; 0.0; ;0.0; 0.0
r_2931No1; r_2931_REVNo1; ; 0.0; 0.0; ;0.0; 0.0
r_2932No1; r_2932_REVNo1; ; 0.0; 0.0; ;0.0; 0.0
r_2933No1; r_2933_REVNo1; ; 0.0; 0.0; ;0.0; 0.0
r_2934No1; r_2934_REVNo1; ; 0.0; 0.0; ;0.0; 0.0
r_2935No1; r_2935_REVNo1; ; 0.0; 0.0; ;0.0; 0.0
r_2936No1; r_2936_REVNo1; ; 0.0; 0.0; ;0.0; 0.0
r_2937No1; r_2937_REVNo1; ; 0.0; 0.0; ;0.0; 0.0
r_2938No1; r_2938_REVNo1; ; 0.0; 0.0; ;0.0; 0.0
r_2939No1; r_2939_REVNo1; ; 0.0; 0.0; ;0.0; 0.0
r_2940No1; r_2940_REVNo1; ; 0.0; 0.0; ;0.0; 0.0
r_2941No1; r_2941_REVNo1; ; 0.0; 0.0; ;0.0; 0.0
r_2942No1; r_2942_REVNo1; ; 0.0; 0.0; ;0.0; 0.0
r_2943No1; r_2943_REVNo1; ; 0.0; 0.0; ;0.0; 0.0
r_2944No1; r_2944_REVNo1; ; 0.0; 0.0; ;0.0; 0.0
r_2945No1; r_2945_REVNo1; ; 0.0; 0.0; ;0.0; 0.0
r_2946No1; r_2946_REVNo1; ; 0.0; 0.0; ;0.0; 0.0
r_2947No1; r_2947_REVNo1; ; 0.0; 0.0; ;0.0; 0.0
r_2948No1; r_2948_REVNo1; ; 0.0; 0.0; ;0.0; 0.0
r_2949No1; r_2949_REVNo1; ; 0.0; 0.0; ;0.0; 0.0
r_2950No1; r_2950_REVNo1; ; 0.0; 0.0; ;0.0; 0.0
r_2951No1; r_2951_REVNo1; ; 0.0; 0.0; ;0.0; 0.0
r_2952No1; r_2952_REVNo1; ; 0.0; 0.0; ;0.0; 0.0
r_2953No1; r_2953_REVNo1; ; 0.0; 0.0; ;0.0; 0.0
r_2954No1; r_2954_REVNo1; ; 0.0; 0.0; ;0.0; 0.0
r_2955No1; r_2955_REVNo1; ; 0.0; 0.0; ;0.0; 0.0
r_2956No1; r_2956_REVNo1; ; 0.0; 0.0; ;0.0; 0.0
r_2957No1; r_2957_REVNo1; ; 0.0; 0.0; ;0.0; 0.0
r_2958No1; r_2958_REVNo1; ; 0.0; 0.0; ;0.0; 0.0
r_2959No1; r_2959_REVNo1; ; 0.0; 0.0; ;0.0; 0.0
r_2960No1; r_2960_REVNo1; ; 0.0; 0.0; ;0.0; 0.0
r_2961No1; r_2961_REVNo1; ; 0.0; 0.0; ;0.0; 0.0
r_2962No1; r_2962_REVNo1; ; 0.0; 0.0; ;0.0; 0.0
r_2963No1; r_2963_REVNo1; ; 0.0; 0.0; ;0.0; 0.0
r_2964No1; r_2964_REVNo1; ; 0.0; 0.0; ;0.0; 0.0
r_2965No1; r_2965_REVNo1; ; 0.0; 0.0; ;0.0; 0.0
r_2966No1; r_2966_REVNo1; ; 0.0; 0.0; ;0.0; 0.0
r_2967No1; r_2967_REVNo1; ; 0.0; 0.0; ;0.0; 0.0
r_2968No1; r_2968_REVNo1; ; 0.0; 0.0; ;0.0; 0.0
r_2969No1; r_2969_REVNo1; ; 0.0; 0.0; ;0.0; 0.0
r_2970No1; r_2970_REVNo1; ; 0.0; 0.0; ;0.0; 0.0
r_2971No1; r_2971_REVNo1; ; 0.0; 0.0; ;0.0; 0.0
r_2972No1; r_2972_REVNo1; ; 0.0; 0.0; ;0.0; 0.0
r_2973No1; r_2973_REVNo1; ; 0.0; 0.0; ;0.0; 0.0
r_2974No1; r_2974_REVNo1; ; 0.0; 0.0; ;0.0; 0.0
r_2975No1; r_2975_REVNo1; ; 0.0; 0.0; ;0.0; 0.0
r_2976No1; r_2976_REVNo1; ; 0.0; 0.0; ;0.0; 0.0
r_2977No1; r_2977_REVNo1; ; 0.0; 0.0; ;0.0; 0.0
r_2978No1; r_2978_REVNo1; ; 0.0; 0.0; ;0.0; 0.0
r_2979No1; r_2979_REVNo1; ; 0.0; 0.0; ;0.0; 0.0
r_2980No1; r_2980_REVNo1; ; 0.0; 0.0; ;0.0; 0.0
r_2981No1; r_2981_REVNo1; ; 0.0; 0.0; ;0.0; 0.0
r_2982No1; r_2982_REVNo1; ; 0.0; 0.0; ;0.0; 0.0
r_2983No1; r_2983_REVNo1; ; 0.0; 0.0; ;0.0; 0.0
r_2984No1; r_2984_REVNo1; ; 0.0; 0.0; ;0.0; 0.0
r_2985No1; r_2985_REVNo1; ; 0.0; 0.0; ;0.0; 0.0
r_2986No1; r_2986_REVNo1; ; 0.0; 0.0; ;0.0; 0.0
r_2987No1; r_2987_REVNo1; ; 0.0; 0.0; ;0.0; 0.0
r_2988No1; r_2988_REVNo1; ; 0.0; 0.0; ;0.0; 0.0
r_2989No1; r_2989_REVNo1; ; 0.0; 0.0; ;0.0; 0.0
r_2990No1; r_2990_REVNo1; ; 0.0; 0.0; ;0.0; 0.0
r_2991No1; r_2991_REVNo1; ; 0.0; 0.0; ;0.0; 0.0
r_2992No1; r_2992_REVNo1; ; 0.0; 0.0; ;0.0; 0.0
r_2993No1; r_2993_REVNo1; ; 0.0; 0.0; ;0.0; 0.0
r_2994No1; r_2994_REVNo1; ; 0.0; 0.0; ;0.0; 0.0
r_2995No1; r_2995_REVNo1; ; 0.0; 0.0; ;0.0; 0.0
r_2996No1; r_2996_REVNo1; ; 0.0; 0.0; ;0.0; 0.0
r_2997No1; r_2997_REVNo1; ; 0.0; 0.0; ;0.0; 0.0
r_2998No1; r_2998_REVNo1; ; 0.0; 0.0; ;0.0; 0.0
r_2999No1; r_2999_REVNo1; ; 0.0; 0.0; ;0.0; 0.0
r_3000No1; r_3000_REVNo1; ; 0.0; 0.0; ;0.0; 0.0
r_3001No1; r_3001_REVNo1; ; 0.0; 0.0; ;0.0; 0.0
r_3002No1; r_3002_REVNo1; ; 0.0; 0.0; ;0.0; 0.0
r_3003No1; r_3003_REVNo1; ; 0.0; 0.0; ;0.0; 0.0
r_3004No1; r_3004_REVNo1; ; 0.0; 0.0; ;0.0; 0.0
r_3005No1; r_3005_REVNo1; ; 0.0; 0.0; ;0.0; 0.0
r_3006No1; r_3006_REVNo1; ; 0.0; 0.0; ;0.0; 0.0
r_3007No1; r_3007_REVNo1; ; 0.0; 0.0; ;0.0; 0.0
r_3008No1; r_3008_REVNo1; ; 0.0; 0.0; ;0.0; 0.0
r_3009No1; r_3009_REVNo1; ; 0.0; 0.0; ;0.0; 0.0
r_3010No1; r_3010_REVNo1; ; 0.0; 0.0; ;0.0; 0.0
r_3011No1; r_3011_REVNo1; ; 0.0; 0.0; ;0.0; 0.0
P39714;;;;;;
r_0003No1; r_0003_REVNo1; ; 0.0; 0.0; ;0.0; 0.0
P43123;;;;;;
r_1069No1; r_1069_REVNo1; ; 0.0; 0.0; ;0.0; 0.0
P53615;;;;;;
r_1667No1; r_1667_REVNo1; ; 1.4589961175732002; 0.0; ;1.4589978479140324; 0.0
P29952;;;;;;
r_0723No1; r_0723_REVNo1; ; 0.0; 0.16769356814102374; ;0.0; 0.08376293728644135
P53090;;;;;;
r_0018No2; r_0018_REVNo2; ; 0.0; 0.0; ;0.0; 0.0
r_0851No1; r_0851_REVNo1; ; 0.0; 0.24059587141880562; ;0.0; 0.09976951758372148
r_1063No1; r_1063_REVNo1; ; 0.0413946174025699; 0.0; ;0.041225726826966284; 0.0
P42222;;;;;;
r_0366No4; r_0366_REVNo4; ; 0.0; 0.0; ;0.0; 0.0
P23542;;;;;;
r_0216No1; r_0216_REVNo1; ; 0.0; 0.5127192525638214; ;0.0; 0.2563596262819107
r_0218No1; r_0218_REVNo1; ; 0.0; 0.0; ;0.0; 0.0
P40363;;;;;;
r_0987No1; r_0987_REVNo1; ; 0.0; 0.0; ;0.0; 0.0
P22007;;;;;;
r_0249No1; r_0249_REVNo1; ; 0.0; 0.0; ;0.0; 0.0
Q05911;;;;;;
r_0152No1; r_0152_REVNo1; ; 0.041794132401714146; 0.0; ;0.020876169132978076; 0.0
P04397;;;;;;
r_1070No1; r_1070_REVNo1; ; 0.0; 0.0; ;0.0; 0.0
P17695;;;;;;
r_0483No4; r_0483_REVNo4; ; 0.0; 0.0; ;0.0; 0.0
Q05016;;;;;;
r_0676No1; r_0676_REVNo1; ; 0.0; 0.0; ;0.0; 0.0
P08417;;;;;;
r_0451No1; r_0451_REVNo1; ; 0.0; 0.0; ;0.0; 0.0
r_0452No1; r_0452_REVNo1; ; 0.13672616542723898; 0.0; ;0.06836308271361949; 0.0
P47912;;;;;;
r_2195No1; r_2195_REVNo1; ; 0.0; 0.0; ;0.0; 0.0
r_2196No1; r_2196_REVNo1; ; 0.0; 0.0; ;0.0; 0.0
r_2197No1; r_2197_REVNo1; ; 0.0; 0.0; ;0.0; 0.0
r_2198No1; r_2198_REVNo1; ; 0.0; 0.0; ;0.0; 0.0
r_2199No1; r_2199_REVNo1; ; 0.0; 0.0; ;0.0; 0.0
r_2201No1; r_2201_REVNo1; ; 0.0; 0.0; ;0.0; 0.0
r_2202No1; r_2202_REVNo1; ; 0.0; 0.0; ;0.0; 0.0
r_2203No1; r_2203_REVNo1; ; 0.0; 0.0; ;0.0; 0.0
r_2204No1; r_2204_REVNo1; ; 0.0; 0.0; ;0.0; 0.0
r_2205No1; r_2205_REVNo1; ; 0.0; 0.0; ;0.0; 0.0
P22768;;;;;;
r_0208No1; r_0208_REVNo1; ; 0.06524555556857718; 0.0; ;0.0325901550065043; 0.0
P08431;;;;;;
r_1071No1; r_1071_REVNo1; ; 0.0; 0.0; ;0.0; 0.0
P38075;;;;;;
r_0955No1; r_0955_REVNo1; ; 0.0; 0.0; ;0.0; 0.0
P29703;;;;;;
r_0249No1; r_0249_REVNo1; ; 0.0; 0.0; ;0.0; 0.0
P53167;;;;;;
r_1095No2; r_1095_REVNo2; ; 0.0; 0.0; ;0.0; 0.0
P46969;;;;;;
r_0984No1; r_0984_REVNo1; ; 0.8347073430527009; 0.0; ;0.4173536715263504; 0.0
P30624;;;;;;
r_2194No1; r_2194_REVNo1; ; 0.0; 0.0; ;0.0; 0.0
r_2195No2; r_2195_REVNo2; ; 0.0; 0.0; ;0.0; 0.0
r_2196No2; r_2196_REVNo2; ; 0.0; 0.0; ;0.0; 0.0
r_2197No2; r_2197_REVNo2; ; 0.0; 0.0; ;0.0; 0.0
r_2198No2; r_2198_REVNo2; ; 0.0; 0.0; ;0.0; 0.0
r_2199No2; r_2199_REVNo2; ; 0.0; 0.0; ;0.0; 0.0
r_2200No1; r_2200_REVNo1; ; 0.0; 0.0; ;0.0; 0.0
r_2201No2; r_2201_REVNo2; ; 0.0; 0.0; ;0.0; 0.0
r_2202No2; r_2202_REVNo2; ; 0.0; 0.0; ;0.0; 0.0
r_2203No2; r_2203_REVNo2; ; 0.0; 0.0; ;0.0; 0.0
r_2204No2; r_2204_REVNo2; ; 0.0; 0.0; ;0.0; 0.0
r_2205No2; r_2205_REVNo2; ; 0.0; 0.0; ;0.0; 0.0
P04076;;;;;;
r_0207No1; r_0207_REVNo1; ; 0.06524555556857718; 0.0; ;0.0325901550065043; 0.0
P33315;;;;;;
r_1049No1; r_1049_REVNo1; ; 0.0; 0.0; ;0.0; 0.0
r_1050No1; r_1050_REVNo1; ; 0.0; 0.0; ;0.0; 0.0
P47052;;;;;;
r_1021No1; r_1021_REVNo1; ; 0.03311956260827112; 0.0; ;0.01655978130413556; 0.0
Q08645;;;;;;
r_1031No2; r_1031_REVNo2; ; 0.0; 0.0; ;0.0; 0.0
P38790;;;;;;
r_2148No1; r_2148_REVNo1; ; 0.0; 0.0; ;0.0; 0.0
r_2149No1; r_2149_REVNo1; ; 0.0; 0.0; ;0.0; 0.0
r_2150No1; r_2150_REVNo1; ; 0.0; 0.0; ;0.0; 0.0
P31115;;;;;;
r_1095No1; r_1095_REVNo1; ; 0.0; 0.0; ;0.0; 0.0
P33421;;;;;;
r_1021No1; r_1021_REVNo1; ; 0.03311956260827112; 0.0; ;0.01655978130413556; 0.0
r_1021No2; r_1021_REVNo2; ; 0.0; 0.0; ;0.0; 0.0
Q12211;;;;;;
r_1095No4; r_1095_REVNo4; ; 0.0; 0.0; ;0.0; 0.0
P22133;;;;;;
r_0714No1; r_0714_REVNo1; ; 0.0; 0.342156361859538; ;0.0; 0.171078180929769
P53312;;;;;;
r_0668No1; r_0668_REVNo1; ; 0.0; 0.0; ;0.0; 0.0
P33401;;;;;;
r_0888No2; r_0888_REVNo2; ; 0.0; 0.0; ;0.0; 0.0
r_0907No1; r_0907_REVNo1; ; 0.0; 0.0; ;0.0; 0.0
P07264;;;;;;
r_0023No1; r_0023_REVNo1; ; 0.0; 0.12032004248777517; ;0.0; 0.06009986122264369
r_0060No1; r_0060_REVNo1; ; 0.0; 0.12032004248777517; ;0.0; 0.06009986122264369
P53598;;;;;;
r_0668No1; r_0668_REVNo1; ; 0.0; 0.0; ;0.0; 0.0
P38226;;;;;;
r_2462No1; r_2462_REVNo1; ; 0.0; 0.0; ;0.0; 0.0
r_2463No1; r_2463_REVNo1; ; 0.0; 0.0; ;0.0; 0.0
P37291;;;;;;
r_0502No1; r_0502_REVNo1; ; 0.14318749632555888; 0.0; ;0.07159374816277944; 0.0
P23797;;;;;;
r_0518No1; r_0518_REVNo1; ; 0.0; 0.0; ;0.0; 0.0
P52893;;;;;;
r_0674No1; r_0674_REVNo1; ; 0.0; 0.0; ;0.0; 0.0
P31373;;;;;;
r_0815No3; r_0815_REVNo3; ; 0.0; 0.0; ;0.0; 0.0
Q06510;;;;;;
r_2620No1; r_2620_REVNo1; ; 0.0; 0.0; ;0.0; 0.0
r_2621No1; r_2621_REVNo1; ; 0.0; 0.0; ;0.0; 0.0
r_2622No1; r_2622_REVNo1; ; 0.0; 0.0; ;0.0; 0.0
r_2623No1; r_2623_REVNo1; ; 0.0; 0.0; ;0.0; 0.0
r_2624No1; r_2624_REVNo1; ; 0.0; 0.0; ;0.0; 0.0
r_2625No1; r_2625_REVNo1; ; 0.0; 0.0; ;0.0; 0.0
r_2626No1; r_2626_REVNo1; ; 0.0; 0.0; ;0.0; 0.0
r_2627No1; r_2627_REVNo1; ; 0.0; 0.0; ;0.0; 0.0
r_2628No1; r_2628_REVNo1; ; 0.0; 0.0; ;0.0; 0.0
r_2629No1; r_2629_REVNo1; ; 0.0; 0.0; ;0.0; 0.0
r_2630No1; r_2630_REVNo1; ; 0.0; 0.0; ;0.0; 0.0
r_2631No1; r_2631_REVNo1; ; 0.0; 0.0; ;0.0; 0.0
r_2632No1; r_2632_REVNo1; ; 0.0; 0.0; ;0.0; 0.0
r_2633No1; r_2633_REVNo1; ; 0.0; 0.0; ;0.0; 0.0
r_2634No1; r_2634_REVNo1; ; 0.0; 0.0; ;0.0; 0.0
r_2635No1; r_2635_REVNo1; ; 0.0; 0.0; ;0.0; 0.0
r_2636No1; r_2636_REVNo1; ; 0.0; 0.0; ;0.0; 0.0
r_2637No1; r_2637_REVNo1; ; 0.0; 0.0; ;0.0; 0.0
r_2638No1; r_2638_REVNo1; ; 0.0; 0.0; ;0.0; 0.0
r_2639No1; r_2639_REVNo1; ; 0.0; 0.0; ;0.0; 0.0
r_2640No1; r_2640_REVNo1; ; 0.0; 0.0; ;0.0; 0.0
r_2641No1; r_2641_REVNo1; ; 0.0; 0.0; ;0.0; 0.0
r_2642No1; r_2642_REVNo1; ; 0.0; 0.0; ;0.0; 0.0
r_2643No1; r_2643_REVNo1; ; 0.0; 0.0; ;0.0; 0.0
r_2644No1; r_2644_REVNo1; ; 0.0; 0.0; ;0.0; 0.0
r_2645No1; r_2645_REVNo1; ; 0.0; 0.0; ;0.0; 0.0
r_2646No1; r_2646_REVNo1; ; 0.0; 0.0; ;0.0; 0.0
r_2647No1; r_2647_REVNo1; ; 0.0; 0.0; ;0.0; 0.0
r_2648No1; r_2648_REVNo1; ; 0.0; 0.0; ;0.0; 0.0
r_2649No1; r_2649_REVNo1; ; 0.0; 0.0; ;0.0; 0.0
r_2650No1; r_2650_REVNo1; ; 0.0; 0.0; ;0.0; 0.0
r_2651No1; r_2651_REVNo1; ; 0.0; 0.0; ;0.0; 0.0
r_2652No1; r_2652_REVNo1; ; 0.0; 0.0; ;0.0; 0.0
r_2653No1; r_2653_REVNo1; ; 0.0; 0.0; ;0.0; 0.0
r_2654No1; r_2654_REVNo1; ; 0.0; 0.0; ;0.0; 0.0
r_2655No1; r_2655_REVNo1; ; 0.0; 0.0; ;0.0; 0.0
r_2656No1; r_2656_REVNo1; ; 0.0; 0.0; ;0.0; 0.0
r_2657No1; r_2657_REVNo1; ; 0.0; 0.0; ;0.0; 0.0
r_2658No1; r_2658_REVNo1; ; 0.0; 0.0; ;0.0; 0.0
r_2659No1; r_2659_REVNo1; ; 0.0; 0.0; ;0.0; 0.0
r_2660No1; r_2660_REVNo1; ; 0.0; 0.0; ;0.0; 0.0
r_2661No1; r_2661_REVNo1; ; 0.0; 0.0; ;0.0; 0.0
r_2662No1; r_2662_REVNo1; ; 0.0; 0.0; ;0.0; 0.0
r_2663No1; r_2663_REVNo1; ; 0.0; 0.0; ;0.0; 0.0
r_2664No1; r_2664_REVNo1; ; 0.0; 0.0; ;0.0; 0.0
r_2665No1; r_2665_REVNo1; ; 0.0; 0.0; ;0.0; 0.0
r_2666No1; r_2666_REVNo1; ; 0.0; 0.0; ;0.0; 0.0
r_2667No1; r_2667_REVNo1; ; 0.0; 0.0; ;0.0; 0.0
r_2668No1; r_2668_REVNo1; ; 0.0; 0.0; ;0.0; 0.0
r_2669No1; r_2669_REVNo1; ; 0.0; 0.0; ;0.0; 0.0
r_2670No1; r_2670_REVNo1; ; 0.0; 0.0; ;0.0; 0.0
r_2671No1; r_2671_REVNo1; ; 0.0; 0.0; ;0.0; 0.0
r_2672No1; r_2672_REVNo1; ; 0.0; 0.0; ;0.0; 0.0
r_2673No1; r_2673_REVNo1; ; 0.0; 0.0; ;0.0; 0.0
r_2674No1; r_2674_REVNo1; ; 0.0; 0.0; ;0.0; 0.0
r_2675No1; r_2675_REVNo1; ; 0.0; 0.0; ;0.0; 0.0
r_2676No1; r_2676_REVNo1; ; 0.0; 0.0; ;0.0; 0.0
r_2677No1; r_2677_REVNo1; ; 0.0; 0.0; ;0.0; 0.0
r_2678No1; r_2678_REVNo1; ; 0.0; 0.0; ;0.0; 0.0
r_2679No1; r_2679_REVNo1; ; 0.0; 0.0; ;0.0; 0.0
r_2680No1; r_2680_REVNo1; ; 0.0; 0.0; ;0.0; 0.0
r_2681No1; r_2681_REVNo1; ; 0.0; 0.0; ;0.0; 0.0
r_2682No1; r_2682_REVNo1; ; 0.0; 0.0; ;0.0; 0.0
r_2683No1; r_2683_REVNo1; ; 0.0; 0.0; ;0.0; 0.0
r_2684No1; r_2684_REVNo1; ; 0.0; 0.0; ;0.0; 0.0
r_2685No1; r_2685_REVNo1; ; 0.0; 0.0; ;0.0; 0.0
r_2686No1; r_2686_REVNo1; ; 0.0; 0.0; ;0.0; 0.0
r_2687No1; r_2687_REVNo1; ; 0.0; 0.0; ;0.0; 0.0
r_2688No1; r_2688_REVNo1; ; 0.0; 0.0; ;0.0; 0.0
r_2689No1; r_2689_REVNo1; ; 0.0; 0.0; ;0.0; 0.0
r_2690No1; r_2690_REVNo1; ; 0.0; 0.0; ;0.0; 0.0
r_2691No1; r_2691_REVNo1; ; 0.0; 0.0; ;0.0; 0.0
r_2692No1; r_2692_REVNo1; ; 0.0; 0.0; ;0.0; 0.0
r_2693No1; r_2693_REVNo1; ; 0.0; 0.0; ;0.0; 0.0
r_2694No1; r_2694_REVNo1; ; 0.0; 0.0; ;0.0; 0.0
r_2695No1; r_2695_REVNo1; ; 0.0; 0.0; ;0.0; 0.0
r_2696No1; r_2696_REVNo1; ; 0.0; 0.0; ;0.0; 0.0
r_2697No1; r_2697_REVNo1; ; 0.0; 0.0; ;0.0; 0.0
r_2698No1; r_2698_REVNo1; ; 0.0; 0.0; ;0.0; 0.0
r_2699No1; r_2699_REVNo1; ; 0.0; 0.0; ;0.0; 0.0
r_2700No1; r_2700_REVNo1; ; 0.0; 0.0; ;0.0; 0.0
r_2701No1; r_2701_REVNo1; ; 0.0; 0.0; ;0.0; 0.0
r_2702No1; r_2702_REVNo1; ; 0.0; 0.0; ;0.0; 0.0
r_2703No1; r_2703_REVNo1; ; 0.0; 0.0; ;0.0; 0.0
r_2704No1; r_2704_REVNo1; ; 0.0; 0.0; ;0.0; 0.0
r_2705No1; r_2705_REVNo1; ; 0.0; 0.0; ;0.0; 0.0
r_2706No1; r_2706_REVNo1; ; 0.0; 0.0; ;0.0; 0.0
r_2707No1; r_2707_REVNo1; ; 0.0; 0.0; ;0.0; 0.0
r_2708No1; r_2708_REVNo1; ; 0.0; 0.0; ;0.0; 0.0
r_2709No1; r_2709_REVNo1; ; 0.0; 0.0; ;0.0; 0.0
r_2710No1; r_2710_REVNo1; ; 0.0; 0.0; ;0.0; 0.0
r_2711No1; r_2711_REVNo1; ; 0.0; 0.0; ;0.0; 0.0
r_2712No1; r_2712_REVNo1; ; 0.0; 0.0; ;0.0; 0.0
r_2713No1; r_2713_REVNo1; ; 0.0; 0.0; ;0.0; 0.0
r_2714No1; r_2714_REVNo1; ; 0.0; 0.0; ;0.0; 0.0
r_2715No1; r_2715_REVNo1; ; 0.0; 0.0; ;0.0; 0.0
r_2716No1; r_2716_REVNo1; ; 0.0; 0.0; ;0.0; 0.0
r_2717No1; r_2717_REVNo1; ; 0.0; 0.0; ;0.0; 0.0
r_2718No1; r_2718_REVNo1; ; 0.0; 0.0; ;0.0; 0.0
r_2719No1; r_2719_REVNo1; ; 0.0; 0.0; ;0.0; 0.0
r_2720No1; r_2720_REVNo1; ; 0.0; 0.0; ;0.0; 0.0
r_2721No1; r_2721_REVNo1; ; 0.0; 0.0; ;0.0; 0.0
r_2722No1; r_2722_REVNo1; ; 0.0; 0.0; ;0.0; 0.0
r_2723No1; r_2723_REVNo1; ; 0.0; 0.0; ;0.0; 0.0
r_2724No1; r_2724_REVNo1; ; 0.0; 0.0; ;0.0; 0.0
r_2725No1; r_2725_REVNo1; ; 0.0; 0.0; ;0.0; 0.0
r_2726No1; r_2726_REVNo1; ; 0.0; 0.0; ;0.0; 0.0
r_2727No1; r_2727_REVNo1; ; 0.0; 0.0; ;0.0; 0.0
r_2728No1; r_2728_REVNo1; ; 0.0; 0.0; ;0.0; 0.0
r_2729No1; r_2729_REVNo1; ; 0.0; 0.0; ;0.0; 0.0
r_2730No1; r_2730_REVNo1; ; 0.0; 0.0; ;0.0; 0.0
r_2731No1; r_2731_REVNo1; ; 0.0; 0.0; ;0.0; 0.0
r_2732No1; r_2732_REVNo1; ; 0.0; 0.0; ;0.0; 0.0
r_2733No1; r_2733_REVNo1; ; 0.0; 0.0; ;0.0; 0.0
r_2734No1; r_2734_REVNo1; ; 0.0; 0.0; ;0.0; 0.0
r_2735No1; r_2735_REVNo1; ; 0.0; 0.0; ;0.0; 0.0
r_2736No1; r_2736_REVNo1; ; 0.0; 0.0; ;0.0; 0.0
r_2737No1; r_2737_REVNo1; ; 0.0; 0.0; ;0.0; 0.0
r_2738No1; r_2738_REVNo1; ; 0.0; 0.0; ;0.0; 0.0
r_2739No1; r_2739_REVNo1; ; 0.0; 0.0; ;0.0; 0.0
r_2740No1; r_2740_REVNo1; ; 0.0; 0.0; ;0.0; 0.0
r_2741No1; r_2741_REVNo1; ; 0.0; 0.0; ;0.0; 0.0
r_2742No1; r_2742_REVNo1; ; 0.0; 0.0; ;0.0; 0.0
r_2743No1; r_2743_REVNo1; ; 0.0; 0.0; ;0.0; 0.0
r_2744No1; r_2744_REVNo1; ; 0.0; 0.0; ;0.0; 0.0
r_2745No1; r_2745_REVNo1; ; 0.0; 0.0; ;0.0; 0.0
r_2746No1; r_2746_REVNo1; ; 0.0; 0.0; ;0.0; 0.0
r_2747No1; r_2747_REVNo1; ; 0.0; 0.0; ;0.0; 0.0
r_2748No1; r_2748_REVNo1; ; 0.0; 0.0; ;0.0; 0.0
r_2749No1; r_2749_REVNo1; ; 0.0; 0.0; ;0.0; 0.0
r_2750No1; r_2750_REVNo1; ; 0.0; 0.0; ;0.0; 0.0
r_2751No1; r_2751_REVNo1; ; 0.0; 0.0; ;0.0; 0.0
r_2752No1; r_2752_REVNo1; ; 0.0; 0.0; ;0.0; 0.0
r_2753No1; r_2753_REVNo1; ; 0.0; 0.0; ;0.0; 0.0
r_2754No1; r_2754_REVNo1; ; 0.0; 0.0; ;0.0; 0.0
r_2755No1; r_2755_REVNo1; ; 0.0; 0.0; ;0.0; 0.0
r_2756No1; r_2756_REVNo1; ; 0.0; 0.0; ;0.0; 0.0
r_2757No1; r_2757_REVNo1; ; 0.0; 0.0; ;0.0; 0.0
r_2758No1; r_2758_REVNo1; ; 0.0; 0.0; ;0.0; 0.0
r_2759No1; r_2759_REVNo1; ; 0.0; 0.0; ;0.0; 0.0
r_2760No1; r_2760_REVNo1; ; 0.0; 0.0; ;0.0; 0.0
r_2761No1; r_2761_REVNo1; ; 0.0; 0.0; ;0.0; 0.0
r_2762No1; r_2762_REVNo1; ; 0.0; 0.0; ;0.0; 0.0
r_2763No1; r_2763_REVNo1; ; 0.0; 0.0; ;0.0; 0.0
r_2764No1; r_2764_REVNo1; ; 0.0; 0.0; ;0.0; 0.0
r_2765No1; r_2765_REVNo1; ; 0.0; 0.0; ;0.0; 0.0
r_2766No1; r_2766_REVNo1; ; 0.0; 0.0; ;0.0; 0.0
r_2767No1; r_2767_REVNo1; ; 0.0; 0.0; ;0.0; 0.0
r_2768No1; r_2768_REVNo1; ; 0.0; 0.0; ;0.0; 0.0
r_2769No1; r_2769_REVNo1; ; 0.0; 0.0; ;0.0; 0.0
r_2770No1; r_2770_REVNo1; ; 0.0; 0.0; ;0.0; 0.0
r_2771No1; r_2771_REVNo1; ; 0.0; 0.0; ;0.0; 0.0
r_2772No1; r_2772_REVNo1; ; 0.0; 0.0; ;0.0; 0.0
r_2773No1; r_2773_REVNo1; ; 0.0; 0.0; ;0.0; 0.0
r_2774No1; r_2774_REVNo1; ; 0.0; 0.0; ;0.0; 0.0
r_2775No1; r_2775_REVNo1; ; 0.0; 0.0; ;0.0; 0.0
r_2776No1; r_2776_REVNo1; ; 0.0; 0.0; ;0.0; 0.0
r_2777No1; r_2777_REVNo1; ; 0.0; 0.0; ;0.0; 0.0
r_2778No1; r_2778_REVNo1; ; 0.0; 0.0; ;0.0; 0.0
r_2779No1; r_2779_REVNo1; ; 0.0; 0.0; ;0.0; 0.0
r_2780No1; r_2780_REVNo1; ; 0.0; 0.0; ;0.0; 0.0
r_2781No1; r_2781_REVNo1; ; 0.0; 0.0; ;0.0; 0.0
r_2782No1; r_2782_REVNo1; ; 0.0; 0.0; ;0.0; 0.0
r_2783No1; r_2783_REVNo1; ; 0.0; 0.0; ;0.0; 0.0
r_2784No1; r_2784_REVNo1; ; 0.0; 0.0; ;0.0; 0.0
r_2785No1; r_2785_REVNo1; ; 0.0; 0.0; ;0.0; 0.0
r_2786No1; r_2786_REVNo1; ; 0.0; 0.0; ;0.0; 0.0
r_2787No1; r_2787_REVNo1; ; 0.0; 0.0; ;0.0; 0.0
r_2788No1; r_2788_REVNo1; ; 0.0; 0.0; ;0.0; 0.0
r_2789No1; r_2789_REVNo1; ; 0.0; 0.0; ;0.0; 0.0
r_2790No1; r_2790_REVNo1; ; 0.0; 0.0; ;0.0; 0.0
r_2791No1; r_2791_REVNo1; ; 0.0; 0.0; ;0.0; 0.0
r_2792No1; r_2792_REVNo1; ; 0.0; 0.0; ;0.0; 0.0
r_2793No1; r_2793_REVNo1; ; 0.0; 0.0; ;0.0; 0.0
r_2794No1; r_2794_REVNo1; ; 0.0; 0.0; ;0.0; 0.0
r_2795No1; r_2795_REVNo1; ; 0.0; 0.0; ;0.0; 0.0
r_2796No1; r_2796_REVNo1; ; 0.0; 0.0; ;0.0; 0.0
r_2797No1; r_2797_REVNo1; ; 0.0; 0.0; ;0.0; 0.0
r_2798No1; r_2798_REVNo1; ; 0.0; 0.0; ;0.0; 0.0
r_2799No1; r_2799_REVNo1; ; 0.0; 0.0; ;0.0; 0.0
r_2800No1; r_2800_REVNo1; ; 0.0; 0.0; ;0.0; 0.0
r_2801No1; r_2801_REVNo1; ; 0.0; 0.0; ;0.0; 0.0
r_2802No1; r_2802_REVNo1; ; 0.0; 0.0; ;0.0; 0.0
r_2803No1; r_2803_REVNo1; ; 0.0; 0.0; ;0.0; 0.0
r_2804No1; r_2804_REVNo1; ; 0.0; 0.0; ;0.0; 0.0
r_2805No1; r_2805_REVNo1; ; 0.0; 0.0; ;0.0; 0.0
r_2806No1; r_2806_REVNo1; ; 0.0; 0.0; ;0.0; 0.0
r_2807No1; r_2807_REVNo1; ; 0.0; 0.0; ;0.0; 0.0
r_2808No1; r_2808_REVNo1; ; 0.0; 0.0; ;0.0; 0.0
r_2809No1; r_2809_REVNo1; ; 0.0; 0.0; ;0.0; 0.0
r_2810No1; r_2810_REVNo1; ; 0.0; 0.0; ;0.0; 0.0
r_2811No1; r_2811_REVNo1; ; 0.0; 0.0; ;0.0; 0.0
P26364;;;;;;
r_0150No1; r_0150_REVNo1; ; 0.0; 0.0; ;0.0; 0.0
P39002;;;;;;
r_2209No1; r_2209_REVNo1; ; 0.0; 0.0; ;0.0; 0.0
r_2210No1; r_2210_REVNo1; ; 0.0; 0.0; ;0.0; 0.0
r_2211No1; r_2211_REVNo1; ; 0.0; 0.0; ;0.0; 0.0
r_2212No1; r_2212_REVNo1; ; 0.0; 0.0; ;0.0; 0.0
P00950;;;;;;
r_0356No1; r_0356_REVNo1; ; 0.0; 0.0; ;0.0; 0.0
r_0893No1; r_0893_REVNo1; ; 23.23638984101; 0.0; ;11.477691658565675; 0.0
P48567;;;;;;
r_1095No3; r_1095_REVNo3; ; 0.0; 0.0; ;0.0; 0.0
P36010;;;;;;
r_0802No1; r_0802_REVNo1; ; 0.0; 0.0; ;0.0; 0.0
r_0803No1; r_0803_REVNo1; ; 0.0; 0.0; ;0.0; 0.0
P00359;;;;;;
r_0486No1; r_0486_REVNo1; ; 0.0; 0.0; ;0.0; 0.0
P36014;;;;;;
r_0483No6; r_0483_REVNo6; ; 0.0; 0.0; ;0.0; 0.0
P00360;;;;;;
r_0486No2; r_0486_REVNo2; ; 23.48212680214383; 0.0; ;11.741063401071917; 0.0
Q06685;;;;;;
r_0073No1; r_0073_REVNo1; ; 0.0; 0.0; ;0.0; 0.0
r_0088No1; r_0088_REVNo1; ; 0.0; 0.0; ;0.0; 0.0
r_0089No1; r_0089_REVNo1; ; 0.0; 0.0; ;0.0; 0.0
r_0092No1; r_0092_REVNo1; ; 0.0; 0.0; ;0.0; 0.0
P53629;;;;;;
r_0127No2; r_0127_REVNo2; ; 0.0; 0.0; ;0.0; 0.0
r_0132No2; r_0132_REVNo2; ; 0.0; 0.0; ;0.0; 0.0
Q12189;;;;;;
r_0982No1; r_0982_REVNo1; ; 0.5722814366714913; 0.0; ;0.2861407183357457; 0.0
P32463;;;;;;
r_0721No1; r_0721_REVNo1; ; 0.0; 0.0; ;0.0; 0.0
P40581;;;;;;
r_0483No5; r_0483_REVNo5; ; 0.0; 0.0; ;0.0; 0.0
P47039;;;;;;
r_0018No3; r_0018_REVNo3; ; 0.0; 0.0; ;0.0; 0.0
r_2112No1; r_2112_REVNo1; ; 0.0; 0.0; ;0.0; 0.0
P20051;;;;;;
r_0349No1; r_0349_REVNo1; ; 0.0; 0.0331221634057267; ;0.0; 0.016544520621160488
P25580;;;;;;
r_0519No1; r_0519_REVNo1; ; 0.0; 0.0; ;0.0; 0.0
P00925;;;;;;
r_0366No3; r_0366_REVNo3; ; 0.0; 0.0; ;0.0; 0.0
P49367;;;;;;
r_0027No1; r_0027_REVNo1; ; 0.11618965102864451; 0.0; ;0.11216290322527102; 0.0
r_0542No2; r_0542_REVNo2; ; 0.11618965102864451; 0.0; ;0.004026747803373476; 0.0
P0CX10;;;;;;
r_0366No5; r_0366_REVNo5; ; 0.0; 0.0; ;0.0; 0.0
P32861;;;;;;
r_1084No2; r_1084_REVNo2; ; 0.0; 0.0; ;0.0; 0.0
P38143;;;;;;
r_0483No2; r_0483_REVNo2; ; 0.0; 0.0; ;0.0; 0.0
P38709;;;;;;
r_1084No1; r_1084_REVNo1; ; 0.33432851418772497; 0.0; ;0.16716425709386248; 0.0
P0CX11;;;;;;
r_0366No1; r_0366_REVNo1; ; 0.0; 0.0; ;0.0; 0.0
Q12055;;;;;;
r_1729No1; r_1729_REVNo1; ; 0.0; 0.0011703588550075132; ;0.0; 0.0011702069404945898
Q00711;;;;;;
r_1021No2; r_1021_REVNo2; ; 0.0; 0.0; ;0.0; 0.0
P07275;;;;;;
r_0012No1; r_0012_REVNo1; ; 0.0; 0.0; ;0.0; 0.0
r_0672No1; r_0672_REVNo1; ; 0.0; 0.0; ;0.0; 0.0
r_0673No1; r_0673_REVNo1; ; 0.0; 0.0; ;0.0; 0.0
P00560;;;;;;
r_0892No1; r_0892_REVNo1; ; 23.48212680214383; 0.0; ;11.600451999488772; 0.0
P30402;;;;;;
r_0820No2; r_0820_REVNo2; ; 0.0; 0.0; ;0.0; 0.0
P14540;;;;;;
r_0450No1; r_0450_REVNo1; ; 0.0; 0.0; ;0.0; 0.0
P37292;;;;;;
r_0503No1; r_0503_REVNo1; ; 0.0; 0.0; ;0.0; 0.0
P00924;;;;;;
r_0366No2; r_0366_REVNo2; ; 23.23638984101; 0.0; ;11.618194920505; 0.0
P15019;;;;;;
r_1048No1; r_1048_REVNo1; ; 0.0; 11.460052867678634; ;0.0; 5.730026433839318
Q02896;;;;;;
r_0340No1; r_0340_REVNo1; ; 0.0; 0.0; ;0.0; 0.0
r_0341No1; r_0341_REVNo1; ; 0.0; 0.0; ;0.0; 0.0
P39518;;;;;;
r_0399No1; r_0399_REVNo1; ; 0.0; 0.0; ;0.0; 0.0
r_0400No1; r_0400_REVNo1; ; 0.0; 0.0; ;0.0; 0.0
r_0402No1; r_0402_REVNo1; ; 0.0; 0.0; ;0.0; 0.0
r_0410No1; r_0410_REVNo1; ; 0.0; 0.0; ;0.0; 0.0
r_0412No1; r_0412_REVNo1; ; 0.0; 0.0; ;0.0; 0.0
r_2206No1; r_2206_REVNo1; ; 0.0; 0.0; ;0.0; 0.0
r_2207No1; r_2207_REVNo1; ; 0.0; 0.0; ;0.0; 0.0
r_2208No1; r_2208_REVNo1; ; 0.0; 0.0; ;0.0; 0.0
P07283;;;;;;
r_0902No1; r_0902_REVNo1; ; 0.0; 0.16769356814102374; ;0.0; 0.08376293728644134
Q03262;;;;;;
r_0907No3; r_0907_REVNo3; ; 0.0; 0.0; ;0.0; 0.0
Q04533;;;;;;
r_0815No2; r_0815_REVNo2; ; 0.0; 0.0; ;0.0; 0.0
P21801;;;;;;
r_1021No1; r_1021_REVNo1; ; 0.03311956260827112; 0.0; ;0.01655978130413556; 0.0
r_1021No2; r_1021_REVNo2; ; 0.0; 0.0; ;0.0; 0.0
P47176;;;;;;
r_0663No1; r_0663_REVNo1; ; 0.0; 0.07821475718047016; ;0.0; 0.00015159078673175394
r_0699No1; r_0699_REVNo1; ; 0.0; 0.12032004248777517; ;0.0; 0.08099492534709837
r_1087No1; r_1087_REVNo1; ; 0.0; 0.0; ;0.0; 0.0
P00942;;;;;;
r_1054No1; r_1054_REVNo1; ; 11.175818693100101; 0.0; ;5.5392129731254425; 0.0
P40857;;;;;;
r_2168No1; r_2168_REVNo1; ; 0.0; 0.0; ;0.0; 0.0
r_2169No1; r_2169_REVNo1; ; 0.0; 0.0; ;0.0; 0.0
r_2170No1; r_2170_REVNo1; ; 0.0; 0.0; ;0.0; 0.0
r_2171No1; r_2171_REVNo1; ; 0.0; 0.0; ;0.0; 0.0
r_2172No1; r_2172_REVNo1; ; 0.0; 0.0; ;0.0; 0.0
r_2173No1; r_2173_REVNo1; ; 0.0; 0.0; ;0.0; 0.0
r_2174No1; r_2174_REVNo1; ; 0.0; 0.0; ;0.0; 0.0
P54113;;;;;;
r_0570No1; r_0570_REVNo1; ; 0.0; 0.0; ;0.0; 0.0
r_0912No1; r_0912_REVNo1; ; 0.0; 0.0; ;0.0; 0.0
Q10740;;;;;;
r_0703No1; r_0703_REVNo1; ; 0.0; 0.0; ;0.0; 0.0
r_0704No1; r_0704_REVNo1; ; 0.0; 0.0; ;0.0; 0.0
r_0705No1; r_0705_REVNo1; ; 0.0; 0.0; ;0.0; 0.0
r_0706No1; r_0706_REVNo1; ; 0.0; 0.0; ;0.0; 0.0
r_0707No1; r_0707_REVNo1; ; 0.0; 0.0; ;0.0; 0.0
r_0708No1; r_0708_REVNo1; ; 0.0; 0.0; ;0.0; 0.0
P25373;;;;;;
r_0483No3; r_0483_REVNo3; ; 0.0; 0.0; ;0.0; 0.0
P25335;;;;;;
r_0189No1; r_0189_REVNo1; ; 0.0; 0.0; ;0.0; 0.0
P37012;;;;;;
r_0888No1; r_0888_REVNo1; ; 0.33432851418772497; 0.0; ;0.1671642570938625; 0.0
r_0907No2; r_0907_REVNo2; ; 0.0; 0.0; ;0.0; 0.0
P15496;;;;;;
r_0667No1; r_0667_REVNo1; ; 0.018184852150950004; 0.0; ;0.018184852150950007; 0.0
P38795;;;;;;
r_0769No1; r_0769_REVNo1; ; 0.0; 0.0; ;0.0; 0.0
P07245;;;;;;
r_0446No1; r_0446_REVNo1; ; 0.0; 0.0; ;0.0; 0.0
r_0725No1; r_0725_REVNo1; ; 0.08629361431671455; 0.0; ;0.08609565652507417; 0.0
r_0732No1; r_0732_REVNo1; ; 0.08629361431671455; 0.0; ;0.00019795779164036298; 0.0
P47088;;;;;;
r_0519No1; r_0519_REVNo1; ; 0.0; 0.0; ;0.0; 0.0
P36001;;;;;;
r_1031No1; r_1031_REVNo1; ; 0.0; 0.0; ;0.0; 0.0
P38891;;;;;;
r_0664No1; r_0664_REVNo1; ; 0.0; 0.0; ;0.0; 0.0
r_0700No1; r_0700_REVNo1; ; 0.0; 0.0; ;0.0; 0.0
r_1088No1; r_1088_REVNo1; ; 0.0; 0.10739537953230886; ;0.0; 0.05364399207638827
P50277;;;;;;
r_0146No1; r_0146_REVNo1; ; 0.0; 0.0; ;0.0; 0.0
P32614;;;;;;
r_0454No1; r_0454_REVNo1; ; 0.0; 0.0; ;0.0; 0.0
r_0455No1; r_0455_REVNo1; ; 0.0; 0.0; ;0.0; 0.0
r_1000No1; r_1000_REVNo1; ; 0.0; 0.0; ;0.0; 0.0
P38840;;;;;;
r_2117No1; r_2117_REVNo1; ; 0.18623205240434273; 0.0; ;0.09311602620217138; 0.0
r_2119No1; r_2119_REVNo1; ; 0.0; 0.0; ;0.0; 0.0
P19414;;;;;;
r_0280No1; r_0280_REVNo1; ; 0.0919994450737987; 0.0; ;0.15276894572996474; 0.0
r_0302No1; r_0302_REVNo1; ; 0.0919994450737987; 0.0; ;0.15276894572996474; 0.0
r_0303No1; r_0303_REVNo1; ; 0.3215484818415159; 0.0; ;0.0537995428625639; 0.0
r_2305No1; r_2305_REVNo1; ; 0.3215484818415159; 0.0; ;0.0537995428625639; 0.0
P23202;;;;;;
r_0483No1; r_0483_REVNo1; ; 0.0; 0.0; ;0.0; 0.0
Q06636;;;;;;
r_0523No1; r_0523_REVNo1; ; 0.0; 0.0; ;0.0; 0.0
Q99321;;;;;;
r_0073No2; r_0073_REVNo2; ; 0.0; 0.0; ;0.0; 0.0
r_0092No2; r_0092_REVNo2; ; 0.0; 0.0; ;0.0; 0.0
P32451;;;;;;
r_0229No1; r_0229_REVNo1; ; 0.0; 0.0; ;0.0; 0.0
P00358;;;;;;
r_0486No3; r_0486_REVNo3; ; 0.0; 0.0; ;0.0; 0.0
P32419;;;;;;
r_0715No1; r_0715_REVNo1; ; 0.0; 0.0; ;0.0; 0.0
Q12428;;;;;;
r_0117No1; r_0117_REVNo1; ; 0.0; 0.0; ;0.0; 0.0
Q12283;;;;;;
r_0721No1; r_0721_REVNo1; ; 0.0; 0.0; ;0.0; 0.0
Q07830;;;;;;
r_0523No2; r_0523_REVNo2; ; 0.0; 0.0; ;0.0; 0.0
P49775;;;;;;
r_0204No1; r_0204_REVNo1; ; 0.0; 0.0; ;0.0; 0.0
P06773;;;;;;
r_0326No1; r_0326_REVNo1; ; 0.0; 0.0007802392366716754; ;0.0; 0.0
P32375;;;;;;
r_0190No1; r_0190_REVNo1; ; 0.0; 0.0; ;0.0; 0.0
Q12198;;;;;;
r_0815No1; r_0815_REVNo1; ; 0.0; 0.0; ;0.0; 0.0
P53630;;;;;;
r_0335No1; r_0335_REVNo1; ; 0.0; 0.0; ;0.0; 0.0
P54783;;;;;;
r_0319No1; r_0319_REVNo1; ; 0.0; 0.0; ;0.0; 0.0
P35196;;;;;;
r_0294No1; r_0294_REVNo1; ; 0.0; 0.0; ;0.0; 0.0
r_0295No1; r_0295_REVNo1; ; 0.0; 0.0; ;0.0; 0.0
P41939;;;;;;
r_0659No1; r_0659_REVNo1; ; 0.3215484818415159; 0.0; ;0.10754624824520087; 0.0
P25628;;;;;;
r_0126No1; r_0126_REVNo1; ; 0.0; 0.0; ;0.0; 0.0
r_0127No1; r_0127_REVNo1; ; 0.002538156407687372; 0.0; ;0.0; 0.0
r_0128No1; r_0128_REVNo1; ; 0.0; 0.0; ;0.0; 0.0
r_0129No1; r_0129_REVNo1; ; 0.0; 0.0; ;0.0; 0.0
r_0130No1; r_0130_REVNo1; ; 0.0; 0.0; ;0.0; 0.0
r_0131No1; r_0131_REVNo1; ; 0.0; 0.0; ;0.0; 0.0
r_0132No1; r_0132_REVNo1; ; 0.0; 0.0; ;0.0; 0.0
r_0133No1; r_0133_REVNo1; ; 0.0; 0.0; ;0.0; 0.0
r_0134No1; r_0134_REVNo1; ; 0.0; 0.0; ;0.0; 0.0
r_0135No1; r_0135_REVNo1; ; 0.0; 0.0; ;0.0; 0.0
P43577;;;;;;
r_0760No1; r_0760_REVNo1; ; 0.0; 0.0; ;0.0; 0.0
P13298;;;;;;
r_0820No1; r_0820_REVNo1; ; 0.0; 0.0331221634057267; ;0.0; 0.01656108170286335
